{"cameraMode":{"drawMode":0,"name":"Shaded","section":"Shading Mode"},"sceneLighting":true,"audioPlay":false,"sceneViewState":{"m_AlwaysRefresh":false,"showFog":true,"showSkybox":true,"showFlares":true,"showImageEffects":true,"showParticleSystems":true,"showVisualEffectGraphs":true,"m_FxEnabled":true},"in2DMode":false,"pivot":{"x":10.84415340423584,"y":-10.17824649810791,"z":40.05874252319336},"rotation":{"x":0.18414048850536347,"y":0.04568789526820183,"z":-0.008565726689994336,"w":0.9818061590194702},"size":28.740854263305665,"orthographic":false}