{"cameraMode":{"drawMode":0,"name":"Shaded","section":"Shading Mode"},"sceneLighting":true,"audioPlay":false,"sceneViewState":{"m_AlwaysRefresh":false,"showFog":true,"showSkybox":true,"showFlares":true,"showImageEffects":true,"showParticleSystems":true,"showVisualEffectGraphs":true,"m_FxEnabled":true},"in2DMode":false,"pivot":{"x":5.624931335449219,"y":5.283961296081543,"z":17.385934829711915},"rotation":{"x":0.06196534261107445,"y":0.11204599589109421,"z":-0.006991947069764137,"w":0.9917525053024292},"size":28.740854263305665,"orthographic":false}