{"cameraMode":{"drawMode":0,"name":"Shaded","section":"Shading Mode"},"sceneLighting":true,"audioPlay":false,"sceneViewState":{"m_AlwaysRefresh":false,"showFog":true,"showSkybox":true,"showFlares":true,"showImageEffects":true,"showParticleSystems":true,"showVisualEffectGraphs":true,"m_FxEnabled":true},"in2DMode":false,"pivot":{"x":14.781389236450196,"y":-4.112712860107422,"z":27.881322860717775},"rotation":{"x":0.17225760221481324,"y":0.2567586898803711,"z":-0.04655978083610535,"w":0.9498668313026428},"size":28.740854263305665,"orthographic":false}